"Amino.Acid","Codon","Dwell.Time","Polarity","Function","Mean.Dwell.Time"
"F","TTC",0.210170487948266,"Nonpolar","Aromatic",0.24519890260631
"F","TTT",0.280227317264354,"Nonpolar","Aromatic",0.24519890260631
"I","ATA",0.252204585537919,"Nonpolar","Aliphatic",0.301881246325691
"I","ATC",0.275132275132275,"Nonpolar","Aliphatic",0.301881246325691
"I","ATT",0.378306878306878,"Nonpolar","Aliphatic",0.301881246325691
"M","ATG",0.346781305114638,"Nonpolar","Sulfurous",0.346781305114638
"N","AAC",0,"Polar","Amidic",0.346781305114639
"N","AAT",0.693562610229277,"Polar","Amidic",0.346781305114639
"H","CAT",0.378306878306878,"Polar","Basic",0.40352733686067
"H","CAC",0.428747795414462,"Polar","Basic",0.40352733686067
"D","GAC",0.327865961199295,"Polar","Acidic",0.517019400352734
"D","GAT",0.706172839506173,"Polar","Acidic",0.517019400352734
"K","AAG",0.372302007222642,"Polar","Basic",0.612958763752415
"K","AAA",0.853615520282187,"Polar","Basic",0.612958763752415
"E","GAA",0.437154614932393,"Nonpolar","Acidic",0.622104644326867
"E","GAG",0.80705467372134,"Nonpolar","Acidic",0.622104644326867
"P","CCT",0.224181853811483,"Nonpolar","Aliphatic",0.673946698020772
"P","CCG",0.294238683127572,"Nonpolar","Aliphatic",0.673946698020772
"P","CCC",0.714579659024103,"Nonpolar","Aliphatic",0.673946698020772
"P","CCA",1.46278659611993,"Nonpolar","Aliphatic",0.673946698020772
"Y","TAT",0,"Nonpolar","Aromatic",0.68095238095238
"Y","TAC",1.36190476190476,"Nonpolar","Aromatic",0.68095238095238
"T","ACC",0.468379944570421,"Polar","Hydroxylic",0.761417653481146
"T","ACG",0.756613756613757,"Polar","Hydroxylic",0.761417653481146
"T","ACT",1.05925925925926,"Polar","Hydroxylic",0.761417653481146
"V","GTC",0.283730158730159,"Nonpolar","Aliphatic",0.79791225749559
"V","GTG",0.322821869488536,"Nonpolar","Aliphatic",0.79791225749559
"V","GTT",0.819664902998236,"Nonpolar","Aliphatic",0.79791225749559
"V","GTA",1.76543209876543,"Nonpolar","Aliphatic",0.79791225749559
"C","TGC",0.756613756613757,"Nonpolar","Sulfurous",0.958377425044094
"C","TGT",1.16014109347443,"Nonpolar","Sulfurous",0.958377425044094
"R","CGT",0.252204585537919,"Polar","Basic",1.07920877541689
"R","CGG",0.666540690350214,"Polar","Basic",1.07920877541689
"R","AGG",0.812659220066627,"Polar","Basic",1.07920877541689
"R","CGA",1.00881834215168,"Polar","Basic",1.07920877541689
"R","CGC",1.04484756865709,"Polar","Basic",1.07920877541689
"R","AGA",2.6901822457378,"Polar","Basic",1.07920877541689
"Q","CAG",0.603097921938502,"Polar","Amidic",1.24731615673645
"Q","CAA",1.89153439153439,"Polar","Amidic",1.24731615673645
"G","GGT",0.907936507936508,"Nonpolar","Aliphatic",1.60891039326712
"G","GGC",1.43358395989975,"Nonpolar","Aliphatic",1.60891039326712
"G","GGG",1.74861845972957,"Nonpolar","Aliphatic",1.60891039326712
"G","GGA",2.34550264550265,"Nonpolar","Aliphatic",1.60891039326712
"L","TTG",0.168136390358613,"Nonpolar","Aliphatic",1.78065228835018
"L","CTT",0.364295512443661,"Nonpolar","Aliphatic",1.78065228835018
"L","CTG",1.03848946986202,"Nonpolar","Aliphatic",1.78065228835018
"L","CTC",1.46278659611993,"Nonpolar","Aliphatic",1.78065228835018
"L","CTA",1.59729570840682,"Nonpolar","Aliphatic",1.78065228835018
"L","TTA",6.05291005291005,"Nonpolar","Aliphatic",1.78065228835018
"W","TGG",1.98160745779793,"Nonpolar","Aromatic",1.98160745779793
"S","AGC",1.36911060720585,"Polar","Hydroxylic",2.17226211472243
"S","TCT",1.63932980599647,"Polar","Hydroxylic",2.17226211472243
"S","TCA",1.89153439153439,"Polar","Hydroxylic",2.17226211472243
"S","AGT",2.45899470899471,"Polar","Hydroxylic",2.17226211472243
"S","TCC",2.60611405055849,"Polar","Hydroxylic",2.17226211472243
"S","TCG",3.06848912404468,"Polar","Hydroxylic",2.17226211472243
"A","GCC",0.196159122085048,"Nonpolar","Aliphatic",4.87795694409451
"A","GCA",1.80146132527085,"Nonpolar","Aliphatic",4.87795694409451
"A","GCT",4.06329610033314,"Nonpolar","Aliphatic",4.87795694409451
"A","GCG",13.450911228689,"Nonpolar","Aliphatic",4.87795694409451
